<?xml version="1.0" encoding="UTF-8"?>
<assembly
    xmlns="http://maven.apache.org/plugins/maven-assembly-plugin/assembly/1.1.2"
    xmlns:xsi="http://www.w3.org/2001/XMLSchema-instance"
    xsi:schemaLocation="http://maven.apache.org/plugins/maven-assembly-plugin/assembly/1.1.2 http://maven.apache.org/xsd/assembly-1.1.2.xsd">
    <id>jar-with-dependencies</id>
    <includeBaseDirectory>false</includeBaseDirectory>
    <formats>
        <format>jar</format>
    </formats>
    <fileSets>
        <fileSet> <!-- add java classes -->
            <directory>${project.build.outputDirectory}</directory>
            <outputDirectory>${file.separator}</outputDirectory>
            <includes>
                <include>${talend.job.path}/**</include>
                <include>__tdm/**</include>
            </includes>
        </fileSet>
        <fileSet>
            <directory>${current.bundle.resources.dir}</directory>
            <outputDirectory>${file.separator}</outputDirectory>
            <includes>
                <include>OSGI-INF/**</include>
            </includes>
        </fileSet>
        <fileSet> <!-- add resources -->
            <directory>${current.bundle.resources.dir}/resources</directory>
            <outputDirectory>${file.separator}</outputDirectory>
            <includes>
                <include>**</include>
            </includes>
        </fileSet>
        <fileSet> <!-- add lib -->
            <directory>${current.bundle.resources.dir}/lib</directory>
            <outputDirectory>lib</outputDirectory>
            <includes>
                <include>**</include>
            </includes>
        </fileSet>
        
        <fileSet> <!-- add metadata -->
            <directory>${basedir}/src/main/resources</directory>
            <outputDirectory>${file.separator}</outputDirectory>
            <includes>
                <include>metadata/**</include>
            </includes>
        </fileSet>
        
        <fileSet>
            <directory>${current.resources.dir}</directory>
            <outputDirectory>${file.separator}</outputDirectory>
            <includes>
                <include>${talend.job.path}/**</include>
            </includes>
        </fileSet>
    </fileSets>
    <dependencySets>
        <!-- for all jobs -->
        <dependencySet>
            <includes>
                <include>org.example.santis.job:Product_OrderPortType_Product_OrderOperation</include>
            </includes>
            <outputFileNameMapping>${artifact.build.finalName}.${artifact.extension}</outputFileNameMapping>
            <useProjectArtifact>true</useProjectArtifact>
            <unpack>true</unpack>
        </dependencySet>
    </dependencySets>
</assembly>
